{"cameraMode":{"drawMode":0,"name":"Shaded","section":"Shading Mode"},"sceneLighting":false,"audioPlay":false,"sceneViewState":{"m_AlwaysRefresh":false,"showFog":false,"showSkybox":false,"showFlares":true,"showImageEffects":true,"showParticleSystems":true,"showVisualEffectGraphs":true,"m_FxEnabled":true},"in2DMode":false,"pivot":{"x":-0.23502159118652345,"y":0.11823272705078125,"z":-0.5078010559082031},"rotation":{"x":0.10797982662916184,"y":0.1434577852487564,"z":0.016688421368598939,"w":0.9845958948135376},"size":29.894643783569337,"orthographic":false}