{"cameraMode":{"drawMode":0,"name":"Shaded","section":"Shading Mode"},"sceneLighting":false,"audioPlay":false,"sceneViewState":{"m_AlwaysRefresh":false,"showFog":false,"showSkybox":false,"showFlares":true,"showImageEffects":true,"showParticleSystems":true,"showVisualEffectGraphs":true,"m_FxEnabled":true},"in2DMode":false,"pivot":{"x":98.39999389648438,"y":-19.799999237060548,"z":7.167917251586914},"rotation":{"x":-0.03339114412665367,"y":-0.05111222714185715,"z":0.0011791324941441417,"w":0.9986001253128052},"size":73.95946502685547,"orthographic":false}