{"cameraMode":{"drawMode":0,"name":"Shaded","section":"Shading Mode"},"sceneLighting":false,"audioPlay":false,"sceneViewState":{"m_AlwaysRefresh":false,"showFog":false,"showSkybox":false,"showFlares":true,"showImageEffects":true,"showParticleSystems":true,"showVisualEffectGraphs":true,"m_FxEnabled":false},"in2DMode":false,"pivot":{"x":-1.2810001373291016,"y":0.8744620084762573,"z":-0.024376705288887025},"rotation":{"x":-0.0003736202488653362,"y":-0.9952670335769653,"z":0.09734850376844406,"w":-0.004186335019767284},"size":1.4284840822219849,"orthographic":false}