{"cameraMode":{"drawMode":0,"name":"Shaded","section":"Shading Mode"},"sceneLighting":true,"audioPlay":false,"sceneViewState":{"m_AlwaysRefresh":false,"showFog":false,"showSkybox":true,"showFlares":true,"showImageEffects":true,"showParticleSystems":true,"showVisualEffectGraphs":true,"m_FxEnabled":true},"in2DMode":false,"pivot":{"x":-13.119601249694825,"y":5.031009197235107,"z":-1.581421136856079},"rotation":{"x":-0.052218999713659289,"y":-0.051815006881952289,"z":0.0011848132126033307,"w":-0.9975723028182983},"size":7.350625991821289,"orthographic":false}