{"cameraMode":{"drawMode":0,"name":"Shaded","section":"Shading Mode"},"sceneLighting":true,"audioPlay":false,"sceneViewState":{"m_AlwaysRefresh":false,"showFog":false,"showSkybox":true,"showFlares":true,"showImageEffects":true,"showParticleSystems":true,"showVisualEffectGraphs":true,"m_FxEnabled":true},"in2DMode":false,"pivot":{"x":182.53907775878907,"y":-173.1458282470703,"z":-21.274934768676759},"rotation":{"x":0.03245232626795769,"y":-0.04925126954913139,"z":0.006704996805638075,"w":0.9991200566291809},"size":3.2015624046325685,"orthographic":false}