{"cameraMode":{"drawMode":0,"name":"Shaded","section":"Shading Mode"},"sceneLighting":true,"audioPlay":false,"sceneViewState":{"m_AlwaysRefresh":false,"showFog":false,"showSkybox":true,"showFlares":true,"showImageEffects":true,"showParticleSystems":true,"showVisualEffectGraphs":true,"m_FxEnabled":true},"in2DMode":false,"pivot":{"x":1180.9285888671875,"y":-666.8699951171875,"z":-0.0009150505065917969},"rotation":{"x":0.13066953420639039,"y":0.2110643833875656,"z":0.004198787733912468,"w":0.9696877598762512},"size":918.0559692382813,"orthographic":false}