{"cameraMode":{"drawMode":0,"name":"Shaded","section":"Shading Mode"},"sceneLighting":true,"audioPlay":false,"sceneViewState":{"m_AlwaysRefresh":false,"showFog":false,"showSkybox":true,"showFlares":true,"showImageEffects":true,"showParticleSystems":true,"showVisualEffectGraphs":true,"m_FxEnabled":true},"in2DMode":false,"pivot":{"x":207.54254150390626,"y":57.501399993896487,"z":-21.715879440307618},"rotation":{"x":0.061781857162714007,"y":0.0879097655415535,"z":0.002550774486735463,"w":-0.9946709871292114},"size":3.9832651615142824,"orthographic":false}