{"cameraMode":{"drawMode":0,"name":"Shaded","section":"Shading Mode"},"sceneLighting":true,"audioPlay":false,"sceneViewState":{"m_AlwaysRefresh":false,"showFog":false,"showSkybox":true,"showFlares":true,"showImageEffects":true,"showParticleSystems":true,"showVisualEffectGraphs":true,"m_FxEnabled":true},"in2DMode":false,"pivot":{"x":387.03985595703127,"y":-119.74151611328125,"z":120.28301239013672},"rotation":{"x":-0.11008039861917496,"y":-0.22232136130332948,"z":0.014708650298416615,"w":-0.969817042350769},"size":92.67684173583985,"orthographic":false}