{"cameraMode":{"drawMode":0,"name":"Shaded","section":"Shading Mode"},"sceneLighting":true,"audioPlay":false,"sceneViewState":{"m_AlwaysRefresh":false,"showFog":false,"showSkybox":true,"showFlares":true,"showImageEffects":true,"showParticleSystems":true,"showVisualEffectGraphs":true,"m_FxEnabled":true},"in2DMode":false,"pivot":{"x":292.10540771484377,"y":31.417728424072267,"z":47.688072204589847},"rotation":{"x":0.002972500631585717,"y":0.07939429581165314,"z":0.0030272742733359339,"w":0.997313380241394},"size":30.83216667175293,"orthographic":false}