{"cameraMode":{"drawMode":0,"name":"Shaded","section":"Shading Mode"},"sceneLighting":true,"audioPlay":false,"sceneViewState":{"m_AlwaysRefresh":false,"showFog":false,"showSkybox":true,"showFlares":true,"showImageEffects":true,"showParticleSystems":true,"showVisualEffectGraphs":true,"m_FxEnabled":true},"in2DMode":false,"pivot":{"x":1341.385986328125,"y":29.161867141723634,"z":-66.73056030273438},"rotation":{"x":0.09730509668588638,"y":-0.04778798297047615,"z":0.02658917009830475,"w":0.9939517974853516},"size":0.8660253882408142,"orthographic":false}