{"cameraMode":{"drawMode":0,"name":"Shaded","section":"Shading Mode"},"sceneLighting":true,"audioPlay":false,"sceneViewState":{"m_AlwaysRefresh":false,"showFog":false,"showSkybox":true,"showFlares":true,"showImageEffects":true,"showParticleSystems":true,"showVisualEffectGraphs":true,"m_FxEnabled":true},"in2DMode":false,"pivot":{"x":1260.705810546875,"y":214.70677185058595,"z":1648.999267578125},"rotation":{"x":-0.08367259800434113,"y":-0.059008803218603137,"z":0.0022460015024989845,"w":-0.9951712489128113},"size":1101.45361328125,"orthographic":false}