{"cameraMode":{"drawMode":0,"name":"Shaded","section":"Shading Mode"},"sceneLighting":true,"audioPlay":false,"sceneViewState":{"m_AlwaysRefresh":false,"showFog":false,"showSkybox":true,"showFlares":true,"showImageEffects":true,"showParticleSystems":true,"showVisualEffectGraphs":true,"m_FxEnabled":true},"in2DMode":false,"pivot":{"x":-14.923844337463379,"y":30.91962242126465,"z":-45.33929443359375},"rotation":{"x":0.06408834457397461,"y":-0.025103412568569185,"z":0.006437371950596571,"w":0.9984669089317322},"size":1.276291847229004,"orthographic":false}