{"cameraMode":{"drawMode":0,"name":"Shaded","section":"Shading Mode"},"sceneLighting":true,"audioPlay":false,"sceneViewState":{"m_AlwaysRefresh":false,"showFog":false,"showSkybox":true,"showFlares":true,"showImageEffects":true,"showParticleSystems":true,"showVisualEffectGraphs":true,"m_FxEnabled":true},"in2DMode":false,"pivot":{"x":600.9374389648438,"y":-880.2073364257813,"z":-12.937660217285157},"rotation":{"x":0.2881399095058441,"y":0.00224919687025249,"z":0.021027343347668649,"w":0.9581915736198425},"size":14.400214195251465,"orthographic":false}