{"cameraMode":{"drawMode":0,"name":"Shaded","section":"Shading Mode"},"sceneLighting":true,"audioPlay":false,"sceneViewState":{"m_AlwaysRefresh":false,"showFog":false,"showSkybox":true,"showFlares":true,"showImageEffects":true,"showParticleSystems":true,"showVisualEffectGraphs":true,"m_FxEnabled":true},"in2DMode":false,"pivot":{"x":1660.403564453125,"y":-1047.121337890625,"z":-38.15508270263672},"rotation":{"x":-0.014515736140310765,"y":-0.17133399844169618,"z":0.020386317744851114,"w":0.9854779839515686},"size":2.598076105117798,"orthographic":false}