{"cameraMode":{"drawMode":0,"name":"Shaded","section":"Shading Mode"},"sceneLighting":true,"audioPlay":false,"sceneViewState":{"m_AlwaysRefresh":false,"showFog":false,"showSkybox":true,"showFlares":true,"showImageEffects":true,"showParticleSystems":true,"showVisualEffectGraphs":true,"m_FxEnabled":true},"in2DMode":false,"pivot":{"x":367.140869140625,"y":-58.665409088134769,"z":-7.989552974700928},"rotation":{"x":0.19044795632362367,"y":0.07587740570306778,"z":-0.010260666720569134,"w":0.9793901443481445},"size":12.684081077575684,"orthographic":false}