{"cameraMode":{"drawMode":0,"name":"Shaded","section":"Shading Mode"},"sceneLighting":false,"audioPlay":false,"sceneViewState":{"m_AlwaysRefresh":false,"showFog":false,"showSkybox":false,"showFlares":true,"showImageEffects":true,"showParticleSystems":true,"showVisualEffectGraphs":true,"m_FxEnabled":true},"in2DMode":false,"pivot":{"x":13.501665115356446,"y":8.680000305175782,"z":-0.809999942779541},"rotation":{"x":-0.01620858907699585,"y":0.02881520986557007,"z":-0.0006380073609761894,"w":-0.9995311498641968},"size":9.707406044006348,"orthographic":false}