{"cameraMode":{"drawMode":0,"name":"Shaded","section":"Shading Mode"},"sceneLighting":false,"audioPlay":false,"sceneViewState":{"m_AlwaysRefresh":false,"showFog":false,"showSkybox":false,"showFlares":true,"showImageEffects":true,"showParticleSystems":true,"showVisualEffectGraphs":true,"m_FxEnabled":true},"in2DMode":false,"pivot":{"x":-11.24449634552002,"y":1.8444886207580567,"z":0.005261898040771484},"rotation":{"x":-0.04665635898709297,"y":0.0057792686857283119,"z":0.021833140403032304,"w":0.998909592628479},"size":2.598076105117798,"orthographic":false}