{"cameraMode":{"drawMode":0,"name":"Shaded","section":"Shading Mode"},"sceneLighting":false,"audioPlay":false,"sceneViewState":{"m_AlwaysRefresh":false,"showFog":false,"showSkybox":false,"showFlares":true,"showImageEffects":true,"showParticleSystems":true,"showVisualEffectGraphs":true,"m_FxEnabled":true},"in2DMode":false,"pivot":{"x":0.01247262954711914,"y":1.3296321630477906,"z":0.041377484798431399},"rotation":{"x":0.2020961493253708,"y":0.26224222779273989,"z":-0.022338438779115678,"w":0.944366455078125},"size":1.9988434314727784,"orthographic":false}