{"cameraMode":{"drawMode":0,"name":"Shaded","section":"Shading Mode"},"sceneLighting":false,"audioPlay":false,"sceneViewState":{"m_AlwaysRefresh":false,"showFog":false,"showSkybox":false,"showFlares":true,"showImageEffects":true,"showParticleSystems":true,"showVisualEffectGraphs":true,"m_FxEnabled":true},"in2DMode":false,"pivot":{"x":1.7319118976593018,"y":0.4333590567111969,"z":-10.296146392822266},"rotation":{"x":0.050689149647951129,"y":0.03920666500926018,"z":-0.001496883574873209,"w":0.9981549978256226},"size":1.0206351280212403,"orthographic":false}