{"cameraMode":{"drawMode":0,"name":"Shaded","section":"Shading Mode"},"sceneLighting":false,"audioPlay":false,"sceneViewState":{"m_AlwaysRefresh":false,"showFog":false,"showSkybox":false,"showFlares":true,"showImageEffects":true,"showParticleSystems":true,"showVisualEffectGraphs":true,"m_FxEnabled":true},"in2DMode":false,"pivot":{"x":0.351407915353775,"y":-0.05223286524415016,"z":0.7275912761688232},"rotation":{"x":-0.031268566846847537,"y":-0.640312910079956,"z":0.02530190348625183,"w":-0.7673683762550354},"size":1.2171263694763184,"orthographic":false}