{"cameraMode":{"drawMode":0,"name":"Shaded","section":"Shading Mode"},"sceneLighting":false,"audioPlay":false,"sceneViewState":{"m_AlwaysRefresh":false,"showFog":false,"showSkybox":false,"showFlares":true,"showImageEffects":true,"showParticleSystems":true,"showVisualEffectGraphs":true,"m_FxEnabled":true},"in2DMode":false,"pivot":{"x":1.0719053745269776,"y":-0.4022081792354584,"z":-9.257707595825196},"rotation":{"x":0.043768882751464847,"y":-0.6514226198196411,"z":0.03836263343691826,"w":0.7567563652992249},"size":0.19844423234462739,"orthographic":false}