{"cameraMode":{"drawMode":0,"name":"Shaded","section":"Shading Mode"},"sceneLighting":false,"audioPlay":false,"sceneViewState":{"m_AlwaysRefresh":false,"showFog":false,"showSkybox":false,"showFlares":true,"showImageEffects":true,"showParticleSystems":true,"showVisualEffectGraphs":true,"m_FxEnabled":true},"in2DMode":false,"pivot":{"x":0.4061312973499298,"y":-0.05849475786089897,"z":-0.22923262417316438},"rotation":{"x":-0.07009971886873245,"y":0.03949882090091705,"z":-0.00338901043869555,"w":-0.9969895482063294},"size":1.0123929977416993,"orthographic":false}