{"cameraMode":{"drawMode":0,"name":"Shaded","section":"Shading Mode"},"sceneLighting":false,"audioPlay":false,"sceneViewState":{"m_AlwaysRefresh":false,"showFog":false,"showSkybox":false,"showFlares":true,"showImageEffects":true,"showParticleSystems":true,"showVisualEffectGraphs":true,"m_FxEnabled":true},"in2DMode":false,"pivot":{"x":0.2964618504047394,"y":1.6016992330551148,"z":-2.650723934173584},"rotation":{"x":0.08359962701797486,"y":-0.02513691782951355,"z":0.0026458839420229198,"w":0.9963912963867188},"size":1.2171263694763184,"orthographic":false}