{"cameraMode":{"drawMode":0,"name":"Shaded","section":"Shading Mode"},"sceneLighting":false,"audioPlay":false,"sceneViewState":{"m_AlwaysRefresh":false,"showFog":false,"showSkybox":false,"showFlares":true,"showImageEffects":true,"showParticleSystems":true,"showVisualEffectGraphs":true,"m_FxEnabled":true},"in2DMode":false,"pivot":{"x":140.87503051757813,"y":46.062034606933597,"z":-719.9168701171875},"rotation":{"x":-0.12305738776922226,"y":-0.030464965850114824,"z":-0.0023084275890141727,"w":-0.9924582839012146},"size":2.438004493713379,"orthographic":false}