{"cameraMode":{"drawMode":0,"name":"Shaded","section":"Shading Mode"},"sceneLighting":false,"audioPlay":false,"sceneViewState":{"m_AlwaysRefresh":false,"showFog":false,"showSkybox":false,"showFlares":true,"showImageEffects":true,"showParticleSystems":true,"showVisualEffectGraphs":true,"m_FxEnabled":false},"in2DMode":false,"pivot":{"x":-0.7386865019798279,"y":0.7238684892654419,"z":0.39578327536582949},"rotation":{"x":0.12125687301158905,"y":-0.7031082510948181,"z":0.12357472628355026,"w":0.6897297501564026},"size":1.4156190156936646,"orthographic":false}