{"cameraMode":{"drawMode":0,"name":"Shaded","section":"Shading Mode"},"sceneLighting":false,"audioPlay":false,"sceneViewState":{"m_AlwaysRefresh":false,"showFog":false,"showSkybox":false,"showFlares":true,"showImageEffects":true,"showParticleSystems":true,"showVisualEffectGraphs":true,"m_FxEnabled":true},"in2DMode":false,"pivot":{"x":0.5322971940040588,"y":-0.14634966850280763,"z":0.0019984121900051834},"rotation":{"x":0.07423093169927597,"y":-0.5605909824371338,"z":0.08972190320491791,"w":0.8210479021072388},"size":0.8660253882408142,"orthographic":false}