{"cameraMode":{"drawMode":0,"name":"Shaded","section":"Shading Mode"},"sceneLighting":false,"audioPlay":false,"sceneViewState":{"m_AlwaysRefresh":false,"showFog":false,"showSkybox":false,"showFlares":true,"showImageEffects":true,"showParticleSystems":true,"showVisualEffectGraphs":true,"m_FxEnabled":true},"in2DMode":false,"pivot":{"x":-7.901459693908691,"y":34.61504364013672,"z":-2.3244712352752687},"rotation":{"x":0.0026003834791481497,"y":-0.0036471467465162279,"z":0.02157267928123474,"w":1.0000121593475342},"size":2.598076105117798,"orthographic":false}