{"cameraMode":{"drawMode":0,"name":"Shaded","section":"Shading Mode"},"sceneLighting":false,"audioPlay":false,"sceneViewState":{"m_AlwaysRefresh":false,"showFog":false,"showSkybox":false,"showFlares":true,"showImageEffects":true,"showParticleSystems":true,"showVisualEffectGraphs":true,"m_FxEnabled":false},"in2DMode":false,"pivot":{"x":-1.281000018119812,"y":0.8580659627914429,"z":-0.06584763526916504},"rotation":{"x":-0.0003736202488653362,"y":-0.9952670335769653,"z":0.09734850376844406,"w":-0.004186335019767284},"size":1.4443291425704957,"orthographic":false}