{"cameraMode":{"drawMode":0,"name":"Shaded","section":"Shading Mode"},"sceneLighting":false,"audioPlay":false,"sceneViewState":{"m_AlwaysRefresh":false,"showFog":false,"showSkybox":false,"showFlares":true,"showImageEffects":true,"showParticleSystems":true,"showVisualEffectGraphs":true,"m_FxEnabled":true},"in2DMode":false,"pivot":{"x":10.365593910217286,"y":10.853086471557618,"z":13.413674354553223},"rotation":{"x":0.09113204479217529,"y":0.005766913294792175,"z":0.021332332864403726,"w":0.9957912564277649},"size":3.1490609645843508,"orthographic":false}